eplenmean,eprewmean,explained_variance,fps,nupdates,policy_entropy,total_timesteps,value_loss
nan,nan,0.00025904178619384766,438,1,1.0986064672470093,256,4759.68896484375
497.7647058823529,-497.7450980392157,0.009472191333770752,761,100,1.0986058712005615,25600,3402.51806640625
498.09,-498.07,0.035059213638305664,765,200,1.0986058712005615,51200,4540.49365234375
498.2,-498.18,-0.0023926496505737305,766,300,1.0985954999923706,76800,2027.1510009765625
498.07,-498.05,0.14834564924240112,765,400,1.0980679988861084,102400,3430.314453125
499.1,-499.09,0.10098856687545776,765,500,1.097830891609192,128000,2236.006591796875
500.0,-500.0,-0.03741586208343506,766,600,1.0871188640594482,153600,987.3755493164062
499.58,-499.57,-0.2623637914657593,766,700,1.075032353401184,179200,886.4481811523438
496.66,-496.63,0.0008518695831298828,766,800,0.4960104525089264,204800,983.52685546875
497.08,-497.06,0.004006803035736084,766,900,0.2416945993900299,230400,1155.509521484375
500.0,-500.0,0.03259158134460449,766,1000,0.03798815980553627,256000,787.887939453125
500.0,-500.0,-0.01303398609161377,766,1100,0.024314984679222107,281600,40.644657135009766
500.0,-500.0,-0.018122196197509766,766,1200,0.012389331124722958,307200,28.7338924407959
500.0,-500.0,-7.104873657226562e-05,766,1300,0.009640460833907127,332800,1503.0430908203125
500.0,-500.0,-8.33272933959961e-05,766,1400,0.006255271844565868,358400,1498.480712890625
500.0,-500.0,-2.3245811462402344e-05,766,1500,0.008485806174576283,384000,905.9273071289062
500.0,-500.0,-0.0008245706558227539,765,1600,0.006692842114716768,409600,14.84781551361084
500.0,-500.0,-0.00021195411682128906,765,1700,0.004653458017855883,435200,11.67945671081543
500.0,-500.0,-0.00021588802337646484,765,1800,0.00521253515034914,460800,1622.487060546875
500.0,-500.0,-0.00024259090423583984,765,1900,0.0056732818484306335,486400,1566.1551513671875
500.0,-500.0,6.818771362304688e-05,765,2000,0.005762272980064154,512000,931.3681640625
500.0,-500.0,-0.002092599868774414,765,2100,0.005790292285382748,537600,8.80536937713623
500.0,-500.0,5.40614128112793e-05,765,2200,0.006411967799067497,563200,6.42581033706665
500.0,-500.0,3.6954879760742188e-06,765,2300,0.0073720552027225494,588800,1663.0457763671875
500.0,-500.0,5.8770179748535156e-05,765,2400,0.0062692188657820225,614400,1599.690185546875
500.0,-500.0,0.00027507543563842773,765,2500,0.007841382175683975,640000,944.2542724609375
500.0,-500.0,-0.0006306171417236328,765,2600,0.0058810897171497345,665600,8.662310600280762
500.0,-500.0,-0.0007675886154174805,765,2700,0.005206060595810413,691200,6.399614334106445
500.0,-500.0,-3.4809112548828125e-05,765,2800,0.003398316679522395,716800,1663.691650390625
500.0,-500.0,-5.817413330078125e-05,765,2900,0.003399225417524576,742400,1600.6829833984375
500.0,-500.0,8.51750373840332e-05,764,3000,0.0033494383096694946,768000,944.350830078125
500.0,-500.0,-0.0005886554718017578,765,3100,0.0035892780870199203,793600,8.681121826171875
500.0,-500.0,1.0848045349121094e-05,765,3200,0.001221459242515266,819200,6.387267589569092
500.0,-500.0,-1.5735626220703125e-05,764,3300,0.0011789121199399233,844800,1663.508544921875
500.0,-500.0,-8.940696716308594e-06,764,3400,0.0012575449654832482,870400,1600.1556396484375
500.0,-500.0,-3.3736228942871094e-05,764,3500,0.001246230211108923,896000,944.600830078125
500.0,-500.0,0.00018072128295898438,764,3600,0.0013537465129047632,921600,8.588358879089355
500.0,-500.0,8.755922317504883e-05,764,3700,0.0014905213611200452,947200,6.360255241394043
500.0,-500.0,-1.728534698486328e-05,764,3800,0.001998007297515869,972800,1663.70703125
500.0,-500.0,-5.245208740234375e-05,763,3900,0.0018934538820758462,998400,1600.5733642578125
500.0,-500.0,5.1081180572509766e-05,763,4000,0.0019016237929463387,1024000,944.6781005859375
500.0,-500.0,-2.2292137145996094e-05,763,4100,0.0019488984253257513,1049600,8.540616035461426
500.0,-500.0,-0.00010919570922851562,764,4200,0.0019173667533323169,1075200,6.343869686126709
500.0,-500.0,-1.3589859008789062e-05,763,4300,0.0019049399998039007,1100800,1663.9072265625
500.0,-500.0,8.434057235717773e-05,763,4400,0.001924100797623396,1126400,1600.5621337890625
500.0,-500.0,-8.64267349243164e-05,763,4500,0.002163896569982171,1152000,944.796630859375
500.0,-500.0,4.464387893676758e-05,763,4600,0.0021658833138644695,1177600,8.479466438293457
500.0,-500.0,0.0001671314239501953,763,4700,0.002341519109904766,1203200,6.324738502502441
500.0,-500.0,2.4139881134033203e-05,763,4800,0.002642689272761345,1228800,1664.16455078125
500.0,-500.0,-2.1457672119140625e-05,763,4900,0.002565239556133747,1254400,1600.9759521484375
500.0,-500.0,2.7000904083251953e-05,763,5000,0.00305421301163733,1280000,944.8390502929688
500.0,-500.0,0.0002524852752685547,763,5100,0.0031813178211450577,1305600,8.450194358825684
500.0,-500.0,5.066394805908203e-05,763,5200,0.0031105326488614082,1331200,6.3215765953063965
500.0,-500.0,-3.5762786865234375e-06,763,5300,0.0028205260168761015,1356800,1664.28662109375
500.0,-500.0,-2.276897430419922e-05,763,5400,0.0027189506217837334,1382400,1600.9886474609375
500.0,-500.0,-3.1948089599609375e-05,763,5500,0.0009844714077189565,1408000,944.7732543945312
500.0,-500.0,0.0001289844512939453,763,5600,0.0010146871209144592,1433600,8.42335033416748
500.0,-500.0,0.00014340877532958984,763,5700,0.001005629193969071,1459200,6.334222793579102
500.0,-500.0,1.1920928955078125e-06,763,5800,0.0009287169668823481,1484800,1664.120849609375
500.0,-500.0,1.1086463928222656e-05,763,5900,0.0009399940026924014,1510400,1600.831787109375
500.0,-500.0,2.962350845336914e-05,763,6000,0.0009186681709252298,1536000,944.788818359375
500.0,-500.0,-0.0001819133758544922,764,6100,0.0009575902950018644,1561600,8.381749153137207
500.0,-500.0,-0.0002422332763671875,764,6200,0.0009979908354580402,1587200,6.337615489959717
500.0,-500.0,-2.2649765014648438e-05,764,6300,0.0009600237826816738,1612800,1664.235107421875
500.0,-500.0,-7.2479248046875e-05,764,6400,0.0009776565711945295,1638400,1600.939697265625
500.0,-500.0,-8.237361907958984e-05,764,6500,0.0009737242944538593,1664000,944.8231811523438
500.0,-500.0,-0.0003552436828613281,764,6600,0.000974677037447691,1689600,8.360162734985352
500.0,-500.0,0.00025963783264160156,764,6700,0.0009225818794220686,1715200,6.331569194793701
500.0,-500.0,-1.2636184692382812e-05,764,6800,0.000879814790096134,1740800,1664.222900390625
500.0,-500.0,3.2782554626464844e-06,764,6900,0.0008691661059856415,1766400,1600.92822265625
500.0,-500.0,-1.895427703857422e-05,764,7000,0.0008709359681233764,1792000,944.8408813476562
500.0,-500.0,-0.0002480745315551758,764,7100,0.00081274239346385,1817600,8.3194580078125
500.0,-500.0,0.0001226663589477539,764,7200,0.0008148553315550089,1843200,6.3295578956604
500.0,-500.0,-5.0067901611328125e-06,764,7300,0.0008018193766474724,1868800,1664.0418701171875
500.0,-500.0,-1.704692840576172e-05,764,7400,0.0008898813975974917,1894400,1600.919677734375
500.0,-500.0,4.887580871582031e-06,764,7500,0.0008273256826214492,1920000,944.7744750976562
500.0,-500.0,5.84721565246582e-05,764,7600,0.0008645948255434632,1945600,8.280644416809082
500.0,-500.0,-9.965896606445312e-05,764,7700,0.0008972358773462474,1971200,6.3369340896606445
500.0,-500.0,-8.344650268554688e-06,764,7800,0.000873581157065928,1996800,1663.9892578125
500.0,-500.0,6.002187728881836e-05,764,7900,0.000782592804171145,2022400,1600.74755859375
500.0,-500.0,4.2498111724853516e-05,764,8000,0.0008169975480996072,2048000,944.7608642578125
500.0,-500.0,9.053945541381836e-05,764,8100,0.0009510376257821918,2073600,8.252240180969238
500.0,-500.0,0.00024259090423583984,764,8200,0.0009705239208415151,2099200,6.339288234710693
500.0,-500.0,-4.410743713378906e-06,764,8300,0.0009345419239252806,2124800,1663.91357421875
500.0,-500.0,-6.794929504394531e-05,764,8400,0.000993788824416697,2150400,1600.7828369140625
500.0,-500.0,1.6689300537109375e-05,764,8500,0.0010220382828265429,2176000,944.7714233398438
500.0,-500.0,9.250640869140625e-05,764,8600,0.0005106192547827959,2201600,8.211965560913086
500.0,-500.0,0.000256955623626709,764,8700,0.0005115187377668917,2227200,6.325688362121582
500.0,-500.0,4.351139068603516e-06,764,8800,0.0005123030859977007,2252800,1664.150634765625
500.0,-500.0,-1.8358230590820312e-05,764,8900,0.0004961655358783901,2278400,1601.000732421875
500.0,-500.0,-5.364418029785156e-05,765,9000,0.0004969384171999991,2304000,944.8425903320312
500.0,-500.0,0.00011783838272094727,765,9100,0.00047849168186075985,2329600,8.181118965148926
500.0,-500.0,0.0001233220100402832,765,9200,0.0004793319385498762,2355200,6.331142902374268
500.0,-500.0,1.8477439880371094e-06,765,9300,0.00048000685637816787,2380800,1664.044189453125
500.0,-500.0,8.344650268554688e-07,765,9400,0.0004803478659596294,2406400,1600.8304443359375
500.0,-500.0,-2.849102020263672e-05,764,9500,0.00047826956142671406,2432000,944.8069458007812
500.0,-500.0,0.00021004676818847656,765,9600,0.000464654469396919,2457600,8.168713569641113
500.0,-500.0,1.0132789611816406e-06,765,9700,0.00044420352787710726,2483200,6.3441009521484375
500.0,-500.0,1.9371509552001953e-05,765,9800,0.00044062829692848027,2508800,1663.947509765625
500.0,-500.0,-4.410743713378906e-06,765,9900,0.0004363610059954226,2534400,1600.794921875
500.0,-500.0,2.562999725341797e-05,765,10000,0.0004198682145215571,2560000,944.7113647460938
500.0,-500.0,0.0001513957977294922,765,10100,0.0004200769471935928,2585600,8.13227367401123
500.0,-500.0,0.0001131296157836914,765,10200,0.00042874625069089234,2611200,6.341951847076416
500.0,-500.0,5.543231964111328e-06,765,10300,0.0004231227794662118,2636800,1663.9412841796875
500.0,-500.0,-3.528594970703125e-05,765,10400,0.00041424151277169585,2662400,1600.650634765625
500.0,-500.0,-1.990795135498047e-05,765,10500,0.00041455216705799103,2688000,944.7518310546875
500.0,-500.0,0.00018548965454101562,765,10600,0.0004148774896748364,2713600,8.112008094787598
500.0,-500.0,-8.475780487060547e-05,765,10700,0.0004001178313046694,2739200,6.356037139892578
500.0,-500.0,2.1278858184814453e-05,765,10800,0.0004004816000815481,2764800,1663.8673095703125
500.0,-500.0,0.00010633468627929688,765,10900,0.0003962577320635319,2790400,1600.517822265625
500.0,-500.0,-1.3113021850585938e-06,765,11000,0.00039454299258068204,2816000,944.7366333007812
500.0,-500.0,9.000301361083984e-05,765,11100,0.00039488202310167253,2841600,8.058443069458008
500.0,-500.0,0.00014930963516235352,765,11200,0.000395439681597054,2867200,6.336639881134033
500.0,-500.0,-2.1219253540039062e-05,765,11300,0.000395733310142532,2892800,1664.7244873046875
500.0,-500.0,1.245737075805664e-05,765,11400,0.0003894405672326684,2918400,1601.327880859375
500.0,-500.0,4.172325134277344e-05,765,11500,0.0003898768627550453,2944000,944.922607421875
500.0,-500.0,0.00012689828872680664,765,11600,0.0003899957810062915,2969600,7.983718395233154
500.0,-500.0,0.00012367963790893555,765,11700,0.00037697888910770416,2995200,6.293410778045654
500.0,-500.0,7.331371307373047e-06,765,11800,0.000377355347154662,3020800,1664.728271484375
500.0,-500.0,6.616115570068359e-06,765,11900,0.0003658992936834693,3046400,1601.396240234375
500.0,-500.0,2.0503997802734375e-05,765,12000,0.00036552586243487895,3072000,944.9332885742188
500.0,-500.0,0.00013774633407592773,765,12100,0.00033394002821296453,3097600,7.959568500518799
500.0,-500.0,0.00021839141845703125,765,12200,0.0003342859272379428,3123200,6.302314281463623
500.0,-500.0,-1.049041748046875e-05,765,12300,0.00033475752570666373,3148800,1664.538818359375
500.0,-500.0,-7.700920104980469e-05,765,12400,0.00032591985655017197,3174400,1601.226318359375
500.0,-500.0,-1.990795135498047e-05,765,12500,0.00035258065327070653,3200000,944.9210205078125
500.0,-500.0,-0.00016868114471435547,765,12600,0.00035555538488551974,3225600,7.932417392730713
500.0,-500.0,9.328126907348633e-05,765,12700,0.00035575864603742957,3251200,6.302650451660156
500.0,-500.0,-9.894371032714844e-06,765,12800,0.0003561893536243588,3276800,1665.4466552734375
500.0,-500.0,6.186962127685547e-05,765,12900,0.00037748541217297316,3302400,1601.9287109375
500.0,-500.0,-4.2319297790527344e-05,765,13000,0.00037798003177158535,3328000,945.18212890625
500.0,-500.0,-2.5153160095214844e-05,765,13100,0.0003781038394663483,3353600,7.806936264038086
500.0,-500.0,0.00046455860137939453,765,13200,0.00016372687241528183,3379200,6.223270416259766
500.0,-500.0,3.898143768310547e-05,765,13300,0.00016386502829845995,3404800,1665.7528076171875
500.0,-500.0,3.904104232788086e-05,765,13400,0.0001621099654585123,3430400,1602.4327392578125
500.0,-500.0,1.6629695892333984e-05,765,13500,0.00016293404041789472,3456000,945.4258422851562
500.0,-500.0,-0.00013434886932373047,765,13600,0.00016059732297435403,3481600,7.836779594421387
500.0,-500.0,0.0003279447555541992,765,13700,0.00016030328697524965,3507200,6.23423433303833
500.0,-500.0,-1.2755393981933594e-05,765,13800,0.00016071813297457993,3532800,1665.2952880859375
500.0,-500.0,2.759695053100586e-05,765,13900,0.00016063387738540769,3558400,1602.0853271484375
500.0,-500.0,7.748603820800781e-05,765,14000,0.00016062842041719705,3584000,945.2780151367188
500.0,-500.0,0.0007185935974121094,765,14100,0.0001608627790119499,3609600,7.731346130371094
500.0,-500.0,1.1444091796875e-05,765,14200,0.00016096813487820327,3635200,6.214323997497559
500.0,-500.0,6.830692291259766e-05,765,14300,0.0001787360233720392,3660800,1665.6234130859375
500.0,-500.0,0.00025218725204467773,765,14400,0.00017858928185887635,3686400,1602.33349609375
500.0,-500.0,3.0994415283203125e-06,765,14500,0.00017863478569779545,3712000,945.4771118164062
500.0,-500.0,0.0003534555435180664,766,14600,0.0001729807408992201,3737600,7.664665222167969
500.0,-500.0,0.0005846023559570312,766,14700,0.00016740521823521703,3763200,6.244399070739746
500.0,-500.0,0.00013023614883422852,766,14800,0.00016794761177152395,3788800,1666.90283203125
500.0,-500.0,0.00036334991455078125,766,14900,0.00016263035649899393,3814400,1603.7666015625
500.0,-500.0,-2.7418136596679688e-06,766,15000,0.0001625911972951144,3840000,945.433837890625
500.0,-500.0,-0.00017309188842773438,766,15100,0.00016245564620476216,3865600,7.540069580078125
500.0,-500.0,0.0003644227981567383,766,15200,0.00016845135542098433,3891200,6.408483982086182
500.0,-500.0,1.1146068572998047e-05,766,15300,0.00016808061627671123,3916800,1671.391357421875
500.0,-500.0,0.0002480745315551758,766,15400,0.0001680934219621122,3942400,1606.7230224609375
500.0,-500.0,-7.855892181396484e-05,766,15500,0.00016828668594826013,3968000,944.246337890625
500.0,-500.0,9.953975677490234e-06,766,15600,0.00016846574726514518,3993600,7.5276031494140625
500.0,-500.0,0.0003898739814758301,766,15700,0.00016857386799529195,4019200,6.348265647888184
500.0,-500.0,1.430511474609375e-05,766,15800,0.00016536694602109492,4044800,1669.7611083984375
500.0,-500.0,-0.0003299713134765625,766,15900,0.00016525591490790248,4070400,1606.22265625
500.0,-500.0,0.0002192854881286621,766,16000,0.0001655932719586417,4096000,944.2593994140625
500.0,-500.0,-0.0009701251983642578,766,16100,0.0001655922969803214,4121600,7.293515205383301
500.0,-500.0,0.000634610652923584,766,16200,0.00016521732322871685,4147200,6.462625980377197
500.0,-500.0,8.159875869750977e-05,766,16300,0.00015602106577716768,4172800,1672.3946533203125
500.0,-500.0,4.1604042053222656e-05,766,16400,0.00015586985682602972,4198400,1608.235595703125
500.0,-500.0,-4.8160552978515625e-05,766,16500,0.00015596830053254962,4224000,944.145751953125
500.0,-500.0,-0.0003148317337036133,766,16600,0.00015615572920069098,4249600,7.30532693862915
500.0,-500.0,0.001020967960357666,766,16700,0.0001570321765029803,4275200,6.579501628875732
500.0,-500.0,8.469820022583008e-05,766,16800,0.0001575467031216249,4300800,1672.80615234375
500.0,-500.0,8.094310760498047e-05,766,16900,0.00015291274758055806,4326400,1609.820556640625
500.0,-500.0,9.953975677490234e-06,766,17000,0.00015279787476174533,4352000,943.9086303710938
500.0,-500.0,-0.0004172325134277344,766,17100,0.00014881641254760325,4377600,7.200929641723633
500.0,-500.0,-0.0001825094223022461,766,17200,0.000148331091622822,4403200,6.275236129760742
500.0,-500.0,0.00021016597747802734,766,17300,0.00014931132318452,4428800,1665.3699951171875
500.0,-500.0,0.00011748075485229492,766,17400,0.00014865251432638615,4454400,1603.7701416015625
500.0,-500.0,0.0003458857536315918,766,17500,0.00014856761845294386,4480000,945.8029174804688
500.0,-500.0,-0.00507354736328125,766,17600,0.00014979649859014899,4505600,7.652198791503906
500.0,-500.0,-0.0003151893615722656,766,17700,0.00014917879889253527,4531200,6.173651695251465
500.0,-500.0,7.647275924682617e-05,766,17800,0.00016062892973423004,4556800,1667.5538330078125
500.0,-500.0,-0.00023472309112548828,766,17900,0.00016025123477447778,4582400,1605.04541015625
500.0,-500.0,0.00015783309936523438,766,18000,0.0001625478034839034,4608000,946.3712768554688
500.0,-500.0,-0.000954747200012207,766,18100,0.0001628781610634178,4633600,7.403046131134033
500.0,-500.0,0.0008715987205505371,766,18200,0.00016305262397509068,4659200,6.34147310256958
500.0,-500.0,2.586841583251953e-05,766,18300,0.00016362848691642284,4684800,1671.3328857421875
500.0,-500.0,0.00017601251602172852,766,18400,0.00016321764269378036,4710400,1607.8544921875
500.0,-500.0,-0.0003962516784667969,766,18500,0.00016581194358877838,4736000,943.5738525390625
500.0,-500.0,-0.004394650459289551,766,18600,0.0001657449029153213,4761600,6.982614517211914
500.0,-500.0,0.00043648481369018555,766,18700,0.00016536301700398326,4787200,6.526641845703125
500.0,-500.0,6.92605972290039e-05,766,18800,0.00016519372002221644,4812800,1673.0794677734375
500.0,-500.0,-0.00042176246643066406,766,18900,0.00017211343219969422,4838400,1608.8350830078125
500.0,-500.0,0.00014925003051757812,766,19000,0.00017829061835072935,4864000,945.747802734375
500.0,-500.0,-8.0108642578125e-05,766,19100,0.00017856000340543687,4889600,7.231467247009277
500.0,-500.0,-0.001743316650390625,766,19200,0.0001789809757610783,4915200,6.277695178985596
500.0,-500.0,0.00012314319610595703,766,19300,0.0001743102038744837,4940800,1672.297119140625
500.0,-500.0,-0.00010979175567626953,766,19400,0.00017611717339605093,4966400,1608.2054443359375
500.0,-500.0,0.00011783838272094727,766,19500,0.00017646895139478147,4992000,944.0173950195312
500.0,-500.0,0.0013152360916137695,766,19600,0.0001764763001119718,5017600,6.986287593841553
500.0,-500.0,-0.0017968416213989258,766,19700,0.00017746548110153526,5043200,6.578629016876221
500.0,-500.0,0.00020170211791992188,766,19800,0.00017887770081870258,5068800,1668.625244140625
500.0,-500.0,-0.00021505355834960938,766,19900,0.00017791496065910906,5094400,1607.324951171875
500.0,-500.0,0.0002009272575378418,766,20000,0.0001787675719242543,5120000,943.3723754882812
500.0,-500.0,-0.012312889099121094,766,20100,0.00018124893540516496,5145600,6.900615692138672
500.0,-500.0,-0.0022526979446411133,766,20200,0.0001820643083192408,5171200,6.690189361572266
500.0,-500.0,0.00012373924255371094,766,20300,0.00017829745775088668,5196800,1681.4053955078125
500.0,-500.0,-4.7206878662109375e-05,766,20400,0.00017666655185166746,5222400,1616.30419921875
500.0,-500.0,9.459257125854492e-05,766,20500,0.00017629240755923092,5248000,944.6953735351562
500.0,-500.0,0.0008440017700195312,766,20600,0.0001766128552844748,5273600,6.945483684539795
500.0,-500.0,-0.00336456298828125,766,20700,0.00017703016055747867,5299200,6.445966720581055
500.0,-500.0,0.0001353621482849121,766,20800,0.00017813744489103556,5324800,1670.17041015625
500.0,-500.0,7.522106170654297e-05,766,20900,0.00017766024393495172,5350400,1607.17333984375
500.0,-500.0,0.00022667646408081055,766,21000,0.00017710145039018244,5376000,945.56201171875
500.0,-500.0,-0.003254413604736328,766,21100,0.0001772846735548228,5401600,7.096090316772461
500.0,-500.0,0.0007525086402893066,766,21200,0.00017673708498477936,5427200,6.214418411254883
500.0,-500.0,0.00011646747589111328,766,21300,0.00017693899280857295,5452800,1671.140625
500.0,-500.0,0.000444948673248291,766,21400,0.000173552252817899,5478400,1607.2939453125
500.0,-500.0,-0.00011372566223144531,766,21500,0.0001739129365887493,5504000,945.1420288085938
500.0,-500.0,0.0007572770118713379,766,21600,0.00017375766765326262,5529600,6.865691661834717
500.0,-500.0,0.0014134049415588379,766,21700,0.00017377502808813006,5555200,6.369982719421387
500.0,-500.0,9.816884994506836e-05,766,21800,0.00017337176541332155,5580800,1669.5706787109375
500.0,-500.0,-6.890296936035156e-05,766,21900,0.00017291484982706606,5606400,1606.7430419921875
500.0,-500.0,-0.00011050701141357422,766,22000,0.0001728392526274547,5632000,945.1712646484375
500.0,-500.0,-4.792213439941406e-05,766,22100,0.00017374136950820684,5657600,7.085709095001221
500.0,-500.0,-0.001939535140991211,766,22200,0.0001776802964741364,5683200,6.294164180755615
500.0,-500.0,0.0002378225326538086,766,22300,0.00017867653514258564,5708800,1667.28759765625
500.0,-500.0,5.829334259033203e-05,766,22400,0.00017761343042366207,5734400,1606.2452392578125
500.0,-500.0,-0.000529170036315918,766,22500,0.00017923105042427778,5760000,944.466796875
500.0,-500.0,-0.003299117088317871,766,22600,0.0001792274706531316,5785600,7.014743328094482
500.0,-500.0,0.00026869773864746094,766,22700,0.00018017267575487494,5811200,6.618140697479248
500.0,-500.0,0.000514686107635498,766,22800,0.0001806558866519481,5836800,1667.7001953125
500.0,-500.0,0.00037103891372680664,766,22900,0.00018816351075656712,5862400,1607.9337158203125
500.0,-500.0,0.0006805062294006348,766,23000,0.00018957984866574407,5888000,943.1508178710938
500.0,-500.0,-0.0009011030197143555,766,23100,0.00019140858785249293,5913600,7.1586198806762695
500.0,-500.0,-0.002211332321166992,766,23200,0.0001909283164422959,5939200,6.565589427947998
500.0,-500.0,0.0007782578468322754,766,23300,0.00019359584257472306,5964800,1660.86572265625
500.0,-500.0,-0.0008682012557983398,766,23400,0.00018665887182578444,5990400,1608.3575439453125
500.0,-500.0,0.000302731990814209,766,23500,0.00018486939370632172,6016000,943.464111328125
500.0,-500.0,-0.008405923843383789,766,23600,0.00018464568711351603,6041600,6.967750549316406
500.0,-500.0,-0.03973972797393799,766,23700,0.00018679830827750266,6067200,6.7606048583984375
500.0,-500.0,0.0003337264060974121,766,23800,0.00018437895050738007,6092800,1675.768798828125
500.0,-500.0,0.0003485679626464844,766,23900,0.0001830981345847249,6118400,1613.5093994140625
500.0,-500.0,-0.0005161762237548828,766,24000,0.0001825084473239258,6144000,946.712646484375
500.0,-500.0,-0.024042367935180664,766,24100,0.00019032577984035015,6169600,7.36447286605835
500.0,-500.0,-0.01254582405090332,766,24200,0.00019414498819969594,6195200,6.340493202209473
500.0,-500.0,0.00042313337326049805,766,24300,0.000193737490917556,6220800,1671.708740234375
500.0,-500.0,0.0003647804260253906,766,24400,0.00019236956723034382,6246400,1610.2777099609375
500.0,-500.0,6.42538070678711e-05,766,24500,0.0001920894719660282,6272000,945.9865112304688
500.0,-500.0,-0.007671475410461426,766,24600,0.00019371253438293934,6297600,7.136647701263428
500.0,-500.0,0.0009862780570983887,766,24700,0.0001937778724823147,6323200,6.493719577789307
500.0,-500.0,0.0003625154495239258,766,24800,0.00019566735136322677,6348800,1666.02099609375
500.0,-500.0,0.00015878677368164062,766,24900,0.0001934163592522964,6374400,1607.583984375
500.0,-500.0,-0.00023221969604492188,766,25000,0.00019526694086380303,6400000,944.7305297851562
500.0,-500.0,-0.004865884780883789,766,25100,0.00019430823158472776,6425600,6.678844451904297
500.0,-500.0,-0.028943657875061035,766,25200,0.00019620920647867024,6451200,6.529344081878662
500.0,-500.0,0.00038754940032958984,766,25300,0.00019671303743962198,6476800,1665.871337890625
500.0,-500.0,-0.0005360841751098633,766,25400,0.0001944724062923342,6502400,1608.0413818359375
500.0,-500.0,-0.0003854036331176758,766,25500,0.00019548927957657725,6528000,945.7424926757812
500.0,-500.0,-0.026082396507263184,766,25600,0.00019815520499832928,6553600,7.3478899002075195
500.0,-500.0,-0.02533257007598877,766,25700,0.00019738831906579435,6579200,6.465151309967041
500.0,-500.0,0.0006551146507263184,766,25800,0.00020233674149494618,6604800,1671.00732421875
500.0,-500.0,-0.0007363557815551758,766,25900,0.00020046281861141324,6630400,1611.8348388671875
500.0,-500.0,0.0006225109100341797,766,26000,0.00019906301167793572,6656000,945.1458129882812
500.0,-500.0,-0.008805036544799805,766,26100,0.00020183798915240914,6681600,7.253561496734619
500.0,-500.0,-0.005369067192077637,766,26200,0.00020233981194905937,6707200,6.644814968109131
500.0,-500.0,0.0006503462791442871,766,26300,0.00020119936380069703,6732800,1667.0872802734375
500.0,-500.0,0.00028586387634277344,766,26400,0.00019824971968773752,6758400,1609.876708984375
500.0,-500.0,-0.0007338523864746094,766,26500,0.0002009884628932923,6784000,944.4049682617188
500.0,-500.0,-0.019237399101257324,766,26600,0.0002026437723543495,6809600,7.152654647827148
500.0,-500.0,-0.015772342681884766,766,26700,0.00020019793009851128,6835200,6.478117942810059
500.0,-500.0,0.0011246204376220703,766,26800,0.0002016091748373583,6860800,1662.7139892578125
500.0,-500.0,6.920099258422852e-05,766,26900,0.00019774048996623605,6886400,1608.5506591796875
500.0,-500.0,0.0003763437271118164,766,27000,0.00019893002172466367,6912000,944.8003540039062
500.0,-500.0,-0.006239652633666992,766,27100,0.00019703511497937143,6937600,6.403032302856445
500.0,-500.0,-0.02629995346069336,766,27200,0.00019870948744937778,6963200,6.307449817657471
500.0,-500.0,0.0011756420135498047,766,27300,0.00020035043417010456,6988800,1663.876708984375
500.0,-500.0,0.0006130337715148926,766,27400,0.0001973486942006275,7014400,1607.28271484375
500.0,-500.0,0.00028884410858154297,766,27500,0.00019882855121977627,7040000,944.5449829101562
500.0,-500.0,-0.052910685539245605,766,27600,0.0002020009414991364,7065600,7.343510150909424
500.0,-500.0,-0.03239858150482178,766,27700,0.0002052990603260696,7091200,6.824811935424805
500.0,-500.0,0.0005196928977966309,766,27800,0.0002047932503046468,7116800,1664.9136962890625
500.0,-500.0,-0.00024068355560302734,766,27900,0.00020234519615769386,7142400,1607.120849609375
500.0,-500.0,-0.00024080276489257812,766,28000,0.0002031093608820811,7168000,945.84375
500.0,-500.0,-0.00907909870147705,767,28100,0.00020485577988438308,7193600,7.029594421386719
500.0,-500.0,-0.03770577907562256,767,28200,0.0002055916265817359,7219200,6.295763969421387
500.0,-500.0,0.000729978084564209,767,28300,0.000205828167963773,7244800,1665.3623046875
500.0,-500.0,-0.00043272972106933594,767,28400,0.00020330093684606254,7270400,1607.9981689453125
500.0,-500.0,0.00037795305252075195,767,28500,0.00020435565966181457,7296000,944.8876953125
500.0,-500.0,-0.01955878734588623,767,28600,0.00020448054419830441,7321600,6.78001594543457
500.0,-500.0,-0.0477832555770874,767,28700,0.00020536988449748605,7347200,6.0594682693481445
500.0,-500.0,0.0009568929672241211,767,28800,0.00020563777070492506,7372800,1666.7713623046875
500.0,-500.0,0.00034558773040771484,767,28900,0.00020339303591754287,7398400,1607.98388671875
500.0,-500.0,0.0008488297462463379,767,29000,0.0002049875765806064,7424000,943.8001098632812
500.0,-500.0,-0.02395927906036377,767,29100,0.00020629345090128481,7449600,7.141592502593994
500.0,-500.0,-0.05006086826324463,767,29200,0.00020625069737434387,7475200,6.326949596405029
500.0,-500.0,0.0009019374847412109,767,29300,0.0002047662273980677,7500800,1667.405517578125
500.0,-500.0,0.0003966689109802246,767,29400,0.0002023244451265782,7526400,1608.89013671875
500.0,-500.0,0.00102996826171875,767,29500,0.0002045239380095154,7552000,943.8368530273438
500.0,-500.0,-0.025834083557128906,767,29600,0.00020461615349631757,7577600,6.874178886413574
500.0,-500.0,-0.07636940479278564,767,29700,0.00020645392942242324,7603200,6.219140529632568
500.0,-500.0,0.0006604790687561035,767,29800,0.00020533475617412478,7628800,1666.577880859375
500.0,-500.0,0.0009536147117614746,767,29900,0.00020057715300936252,7654400,1608.01025390625
500.0,-500.0,-0.0007177591323852539,767,30000,0.00020250088709872216,7680000,945.513671875
500.0,-500.0,-0.01787436008453369,767,30100,0.00020103082351852208,7705600,6.9655680656433105
500.0,-500.0,-0.04356086254119873,767,30200,0.00020032332395203412,7731200,6.392951965332031
500.0,-500.0,0.001342177391052246,767,30300,0.00020084519928786904,7756800,1667.724609375
500.0,-500.0,-0.0010640621185302734,767,30400,0.00019880005856975913,7782400,1610.3133544921875
500.0,-500.0,0.00024771690368652344,767,30500,0.00019849010277539492,7808000,944.929931640625
500.0,-500.0,-0.0322260856628418,767,30600,0.00019900617189705372,7833600,6.833291053771973
500.0,-500.0,-0.03284919261932373,767,30700,0.00019878437160514295,7859200,6.350356101989746
500.0,-500.0,0.0011973977088928223,767,30800,0.0002003290137508884,7884800,1664.73974609375
500.0,-500.0,0.0012072324752807617,767,30900,0.00019549267017282546,7910400,1606.98974609375
500.0,-500.0,0.0013766288757324219,767,31000,0.00020483271509874612,7936000,944.8065185546875
500.0,-500.0,-0.05970287322998047,767,31100,0.00020683185721281916,7961600,7.128195762634277
500.0,-500.0,-0.015663743019104004,767,31200,0.00020614312961697578,7987200,6.580270290374756
500.0,-500.0,0.001515030860900879,767,31300,0.0002027173322858289,8012800,1670.77490234375
500.0,-500.0,0.00033092498779296875,767,31400,0.00020039058290421963,8038400,1612.011962890625
500.0,-500.0,0.00024318695068359375,767,31500,0.0002017013030126691,8064000,946.7098999023438
500.0,-500.0,-0.04587602615356445,767,31600,0.0002019135281443596,8089600,6.799132347106934
500.0,-500.0,-0.031722068786621094,767,31700,0.00019947181863244623,8115200,6.311563968658447
500.0,-500.0,0.001109480857849121,767,31800,0.00019956564938183874,8140800,1672.5179443359375
500.0,-500.0,0.0006209015846252441,767,31900,0.00019794849504251033,8166400,1611.4725341796875
500.0,-500.0,0.0003440380096435547,768,32000,0.0002037655794993043,8192000,946.5841674804688
500.0,-500.0,-0.06903254985809326,768,32100,0.00020451057935133576,8217600,6.830653667449951
500.0,-500.0,-0.056917428970336914,768,32200,0.00020240909361746162,8243200,5.71223783493042
500.0,-500.0,0.0007675290107727051,769,32300,0.0002021734690060839,8268800,1672.539794921875
500.0,-500.0,-0.00098419189453125,769,32400,0.0002015083737205714,8294400,1610.782470703125
500.0,-500.0,-0.0002917051315307617,769,32500,0.00020729420066345483,8320000,946.6367797851562
500.0,-500.0,-0.07208681106567383,770,32600,0.00020905582641717046,8345600,6.890426158905029
500.0,-500.0,-0.07094669342041016,770,32700,0.00020901185052935034,8371200,5.9596028327941895
500.0,-500.0,0.0010613799095153809,770,32800,0.00020904326811432838,8396800,1666.40380859375
500.0,-500.0,0.0009999275207519531,770,32900,0.00020653392130043358,8422400,1606.369873046875
500.0,-500.0,0.0016733407974243164,771,33000,0.00020779622718691826,8448000,944.4276123046875
500.0,-500.0,-0.1223975419998169,771,33100,0.0002102316211676225,8473600,6.758561611175537
500.0,-500.0,-0.06458008289337158,771,33200,0.00020912147010676563,8499200,6.104577541351318
500.0,-500.0,0.0009029507637023926,771,33300,0.00020887437858618796,8524800,1666.1580810546875
500.0,-500.0,0.0001469254493713379,772,33400,0.00020768835383933038,8550400,1605.2557373046875
500.0,-500.0,0.0009344816207885742,772,33500,0.000208404497243464,8576000,945.06201171875
500.0,-500.0,-0.1212320327758789,772,33600,0.00021003778965678066,8601600,7.116519451141357
500.0,-500.0,-0.059136152267456055,773,33700,0.00020955978834535927,8627200,5.905933380126953
500.0,-500.0,0.0014025568962097168,773,33800,0.00020905578276142478,8652800,1668.6070556640625
500.0,-500.0,0.0009009242057800293,773,33900,0.00020683780894614756,8678400,1609.2012939453125
500.0,-500.0,0.0011879205703735352,773,34000,0.00020861750817857683,8704000,945.4959716796875
500.0,-500.0,-0.02403080463409424,774,34100,0.00020904623670503497,8729600,6.592180252075195
500.0,-500.0,-0.039684414863586426,774,34200,0.00020918267546221614,8755200,6.0071845054626465
500.0,-500.0,0.0015577077865600586,774,34300,0.00020901493553537875,8780800,1671.446533203125
500.0,-500.0,-0.001308441162109375,775,34400,0.00020765475346706808,8806400,1612.038818359375
500.0,-500.0,-0.0001537799835205078,775,34500,0.00020880182273685932,8832000,947.3788452148438
500.0,-500.0,-0.1139301061630249,775,34600,0.0002107279869960621,8857600,6.442886829376221
500.0,-500.0,-0.05366981029510498,775,34700,0.0002079400437651202,8883200,6.215014457702637
500.0,-500.0,0.0008190274238586426,776,34800,0.00020801121718250215,8908800,1671.218505859375
500.0,-500.0,0.00019681453704833984,776,34900,0.00020712929836008698,8934400,1608.98046875
500.0,-500.0,0.00030732154846191406,776,35000,0.00020697733270935714,8960000,947.0953369140625
500.0,-500.0,-0.11313188076019287,776,35100,0.00020957102242391557,8985600,6.433464050292969
500.0,-500.0,-0.07658076286315918,777,35200,0.00020909836166538298,9011200,5.867981433868408
500.0,-500.0,0.0014854073524475098,777,35300,0.0002091896894853562,9036800,1666.6646728515625
500.0,-500.0,0.00019174814224243164,777,35400,0.00020965120347682387,9062400,1605.14208984375
500.0,-500.0,0.0012647509574890137,777,35500,0.00021128063963260502,9088000,943.9696655273438
500.0,-500.0,-0.03536713123321533,778,35600,0.000210206228075549,9113600,6.445505142211914
500.0,-500.0,-0.057431697845458984,778,35700,0.00021048543567303568,9139200,6.386996746063232
500.0,-500.0,0.001298367977142334,778,35800,0.00021165395446587354,9164800,1664.7264404296875
500.0,-500.0,0.0003997683525085449,778,35900,0.0002099270059261471,9190400,1605.642822265625
500.0,-500.0,0.0002320408821105957,779,36000,0.00021124546765349805,9216000,945.2644653320312
500.0,-500.0,-0.03790247440338135,779,36100,0.00020968842727597803,9241600,6.438217639923096
500.0,-500.0,-0.044422268867492676,779,36200,0.00020971025514882058,9267200,6.290894985198975
500.0,-500.0,0.0008983612060546875,779,36300,0.00020987799507565796,9292800,1670.41650390625
500.0,-500.0,-8.07046890258789e-05,780,36400,0.00020980807312298566,9318400,1607.002197265625
500.0,-500.0,0.0006087422370910645,780,36500,0.00021098906290717423,9344000,945.6294555664062
500.0,-500.0,-0.1200639009475708,780,36600,0.00021395570365712047,9369600,6.627708435058594
500.0,-500.0,-0.09515178203582764,780,36700,0.0002139852731488645,9395200,5.777710914611816
500.0,-500.0,0.0020919442176818848,780,36800,0.00021454635134432465,9420800,1662.8746337890625
500.0,-500.0,0.00016891956329345703,781,36900,0.0002130744105670601,9446400,1604.0325927734375
500.0,-500.0,0.002426624298095703,781,37000,0.00021352893963921815,9472000,943.6597290039062
500.0,-500.0,-0.04645097255706787,781,37100,0.0002134744863724336,9497600,6.584781169891357
500.0,-500.0,-0.11124539375305176,781,37200,0.00021403140272013843,9523200,6.19559907913208
500.0,-500.0,0.000794827938079834,782,37300,0.0002127649640897289,9548800,1667.3917236328125
500.0,-500.0,0.002672433853149414,782,37400,0.00021335996279958636,9574400,1600.531005859375
500.0,-500.0,0.0007503032684326172,782,37500,0.00021288021525833756,9600000,945.3434448242188
500.0,-500.0,-0.06946849822998047,782,37600,0.00021365594875533134,9625600,6.755863666534424
500.0,-500.0,-0.07069110870361328,783,37700,0.0002136126859113574,9651200,6.27688455581665
500.0,-500.0,0.0008037090301513672,783,37800,0.000213558814721182,9676800,1666.4068603515625
500.0,-500.0,-0.00022292137145996094,783,37900,0.0002136689581675455,9702400,1603.417724609375
500.0,-500.0,0.0002925395965576172,783,38000,0.00021255794854369015,9728000,946.245361328125
500.0,-500.0,-0.11712002754211426,783,38100,0.0002131739747710526,9753600,6.650872230529785
500.0,-500.0,-0.052991390228271484,784,38200,0.00021222775103524327,9779200,6.196022033691406
500.0,-500.0,0.000657498836517334,784,38300,0.0002123039885191247,9804800,1669.3990478515625
500.0,-500.0,0.0009043216705322266,784,38400,0.00021233409643173218,9830400,1604.156982421875
500.0,-500.0,0.0005091428756713867,784,38500,0.00021378656674642116,9856000,945.184814453125
500.0,-500.0,-0.08540809154510498,785,38600,0.0002125804458046332,9881600,6.568211555480957
500.0,-500.0,-0.08782196044921875,785,38700,0.0002129822678398341,9907200,5.662242889404297
500.0,-500.0,0.00036710500717163086,785,38800,0.00021238414046820253,9932800,1668.6634521484375
500.0,-500.0,0.00022017955780029297,786,38900,0.00021369685418903828,9958400,1602.329833984375
500.0,-500.0,0.0003350377082824707,786,39000,0.00021218415349721909,9984000,946.4791870117188
